<?xml version="1.0" encoding="UTF-8"?>
<metadata xml:lang="de"><Esri><CreaDate>20210430</CreaDate><CreaTime>16261600</CreaTime><ArcGISFormat>1.0</ArcGISFormat><SyncOnce>TRUE</SyncOnce><DataProperties><lineage><Process ToolSource="c:\program files (x86)\arcgis\desktop10.7\ArcToolbox\Toolboxes\Data Management Tools.tbx\CalculateField" Date="20210430" Time="162616">CalculateField mt_bsp_zellen_zone_GKZ asdf [GKZ] VB #</Process><Process ToolSource="c:\program files (x86)\arcgis\desktop10.7\ArcToolbox\Toolboxes\Data Management Tools.tbx\CalculateField" Date="20210430" Time="162651">CalculateField mt_bsp_zellen_zone_GKZ gkz [asdf] VB #</Process></lineage></DataProperties></Esri></metadata>
